CANADIAN DOLLAR - CHICAGO MERCANTILE EXCHANGE,210706,06/07/2021,90741,CME ,0,90,227230,11088,129732,8093,64432,14759,7495,52682,27213,17210,19095,2611,16,180111,207128,47119,20102,8683,2335,-1141,1309,-1792,3998,-904,4409,2943,1391,804,400,-10,7541,7987,1142,696,100,4.9,57.1,3.6,28.4,6.5,3.3,23.2,12,7.6,8.4,1.1,0,79.3,91.2,20.7,8.8,110,4,8,6,26,9,12,23,23,14,15,.,.,86,58,21.2,56.3,32.8,65.5,21.1,56,31.3,63.1,"(CONTRACTS OF CAD 100,000)",90741,CME ,90,F10,Combined
SWISS FRANC - CHICAGO MERCANTILE EXCHANGE,210706,06/07/2021,92741,CME ,0,92,47843,10962,5800,1011,2185,12776,865,21138,5281,1811,0,642,0,37973,28187,9870,19656,2462,3327,-677,83,-404,2476,340,129,-622,229,0,0,0,3704,1829,-1242,633,100,22.9,12.1,2.1,4.6,26.7,1.8,44.2,11,3.8,0,1.3,0,79.4,58.9,20.6,41.1,50,7,.,.,.,15,5,12,9,4,0,.,0,28,33,36.9,20,52.1,30.4,36.8,20,51.6,28.9,"(CONTRACTS OF CHF 125,000)",92741,CME ,92,F10,Combined
BRITISH POUND STERLING - CHICAGO MERCANTILE EXCHANGE,210706,06/07/2021,96742,CME ,0,96,204615,37975,51845,7530,40167,52280,8345,49040,25278,24379,4008,6186,1288,172733,177133,31882,27482,11800,8980,-2862,773,-4782,5235,1212,6179,-577,3115,0,322,253,15730,7470,-3930,4330,100,18.6,25.3,3.7,19.6,25.6,4.1,24,12.4,11.9,2,3,0.6,84.4,86.6,15.6,13.4,124,6,6,8,18,27,18,30,24,24,9,4,.,84,93,30.1,30.1,41,41.5,25.6,26.7,34.9,37.1,"(CONTRACTS OF GBP 62,500)",96742,CME ,96,F10,Combined
JAPANESE YEN - CHICAGO MERCANTILE EXCHANGE,210706,06/07/2021,97741,CME ,0,97,224219,107901,1409,3041,40175,77480,10546,32515,77548,11689,700,1806,64,206631,183583,17588,40636,12101,5980,750,-120,-2493,9261,3702,6316,-1331,780,-2,84,2,14166,13128,-2065,-1027,100,48.1,0.6,1.4,17.9,34.6,4.7,14.5,34.6,5.2,0.3,0.8,0,92.2,81.9,7.8,18.1,139,12,.,9,18,32,17,25,40,18,.,7,.,84,101,41.7,25.8,52.9,37,41.5,25.7,52.3,36.6,"(CONTRACTS OF JPY 12,500,000)",97741,CME ,97,F10,Combined
EURO FX - CHICAGO MERCANTILE EXCHANGE,210706,06/07/2021,99741,CME ,0,99,772128,23782,446621,19905,451419,90294,32157,51155,70826,47102,42181,8626,4750,672451,720281,99677,51847,13005,2538,-13417,1605,-3018,6209,1919,1285,5938,8077,1228,2071,833,14468,13235,-1463,-230,100,3.1,57.8,2.6,58.5,11.7,4.2,6.6,9.2,6.1,5.5,1.1,0.6,87.1,93.3,12.9,6.7,318,15,14,11,114,37,55,38,52,32,32,16,6,240,182,15.3,52.9,24.4,63.6,14.2,52,22.6,61.5,"(CONTRACTS OF EUR 125,000)",99741,CME ,99,F10,Combined
AUSTRALIAN DOLLAR - CHICAGO MERCANTILE EXCHANGE,210706,06/07/2021,232741,CME ,0,232,158867,28559,17826,1511,40178,77566,4871,46929,23393,6814,5192,1092,0,134053,133072,24814,25795,6714,6343,-4785,-73,-4508,3445,672,5618,6472,304,-344,-1333,0,8012,4702,-1298,2012,100,18,11.2,1,25.3,48.8,3.1,29.5,14.7,4.3,3.3,0.7,0,84.4,83.8,15.6,16.2,92,8,5,7,14,16,11,23,21,15,.,.,0,58,67,32.3,43.2,45.7,53.8,30.9,42.8,44.3,52.6,"(CONTRACTS OF AUD 100,000)",232741,CME ,232,F10,Combined
EURO FX/BRITISH POUND XRATE - CHICAGO MERCANTILE EXCHANGE,210706,06/07/2021,299741,CME ,0,99,28787,0,9567,0,11060,4209,2859,479,4649,1196,800,0,0,16394,22480,12393,6307,21,0,0,0,103,12,175,0,-113,0,0,0,0,278,74,-257,-53,100,0,33.2,0,38.4,14.6,9.9,1.7,16.1,4.2,2.8,0,0,56.9,78.1,43.1,21.9,23,0,.,0,11,5,7,.,.,.,.,0,0,17,14,22,53.8,36.4,70,21.7,52.2,32.9,62.7,"(CONTRACTS OF EUR 125,000)",299741,CME ,99,F10,Combined
EURO FX/JAPANESE YEN XRATE - CHICAGO MERCANTILE EXCHANGE,210706,06/07/2021,399741,CME ,0,99,26859,1444,1593,0,7061,17298,2249,7054,1545,0,0,975,0,17808,23660,9051,3199,3362,0,400,0,33,3201,-2,3487,0,0,0,0,0,3518,3599,-156,-237,100,5.4,5.9,0,26.3,64.4,8.4,26.3,5.8,0,0,3.6,0,66.3,88.1,33.7,11.9,29,.,.,0,7,11,5,4,.,0,0,.,0,18,16,32.5,55.9,48.2,70.8,31.8,50,45.9,64.2,"(CONTRACTS OF EUR 125,000)",399741,CME ,99,F10,Combined
RUSSIAN RUBLE - CHICAGO MERCANTILE EXCHANGE,210706,06/07/2021,89741,CME ,0,89,45994,412,22381,0,33087,0,0,8305,21003,0,1448,1125,0,43252,44509,2742,1485,1632,-39,83,0,2265,0,0,-206,1102,0,-1,222,-95,1924,1312,-292,320,100,0.9,48.7,0,71.9,0,0,18.1,45.7,0,3.1,2.4,0,94,96.8,6,3.2,51,.,5,0,15,0,0,16,7,0,.,4,0,35,16,64.7,84.1,76.5,92,64.7,84.1,76.5,92,"(CONTRACTS OF RUB 2,500,000)",89741,CME ,89,F15,Combined
MEXICAN PESO - CHICAGO MERCANTILE EXCHANGE,210706,06/07/2021,95741,CME ,0,95,147660,1580,92461,507,64488,7696,1372,65507,20414,990,4984,21554,0,139428,144993,8232,2667,2998,-1310,1835,0,1437,-255,265,1739,1641,39,389,106,0,2558,3630,440,-632,100,1.1,62.6,0.3,43.7,5.2,0.9,44.4,13.8,0.7,3.4,14.6,0,94.4,98.2,5.6,1.8,154,.,10,.,25,6,5,55,31,9,11,13,0,102,69,42.1,67.8,52.9,78.7,41.8,67.8,52.5,78.7,"(CONTRACTS OF MXN 500,000)",95741,CME ,95,F15,Combined
BRAZILIAN REAL - CHICAGO MERCANTILE EXCHANGE,210706,06/07/2021,102741,CME ,0,102,43766,959,17480,0,16270,1444,0,17100,19150,743,4961,3381,54,40087,42252,3679,1514,-3965,-22,729,-1548,-445,-2101,0,-1390,-764,-781,964,641,-48,-3270,-3872,-695,-93,100,2.2,39.9,0,37.2,3.3,0,39.1,43.8,1.7,11.3,7.7,0.1,91.6,96.5,8.4,3.5,76,.,.,0,14,5,0,20,12,.,12,8,.,52,28,41.8,71.2,57,85.3,41.8,71,57,83.6,"(CONTRACTS OF BRL 100,000)",102741,CME ,102,F15,Combined
NEW ZEALAND DOLLAR - CHICAGO MERCANTILE EXCHANGE,210706,06/07/2021,112741,CME ,0,112,41845,9205,15598,40,4890,8562,1072,20973,11612,712,298,899,20,37210,38515,4635,3330,410,374,226,3,27,1551,-18,22,-1021,-58,-45,131,0,304,813,106,-403,100,22,37.3,0.1,11.7,20.5,2.6,50.1,27.8,1.7,0.7,2.1,0,88.9,92,11.1,8,82,7,.,.,13,11,5,29,13,11,.,4,.,59,41,24.9,55.3,41.3,73.5,24.9,55.3,41.3,72.7,"(CONTRACTS OF NZD 100,000)",112741,CME ,112,F15,Combined
SOUTH AFRICAN RAND - CHICAGO MERCANTILE EXCHANGE,210706,06/07/2021,122741,CME ,0,122,17131,2685,4897,0,8362,2832,0,3446,8110,0,1039,0,0,15532,15839,1599,1292,-864,1,-3,0,-795,410,-86,-3,-1152,0,2,0,0,-881,-831,17,-33,100,15.7,28.6,0,48.8,16.5,0,20.1,47.3,0,6.1,0,0,90.7,92.5,9.3,7.5,38,.,.,0,7,.,0,10,13,0,.,0,0,21,17,61.9,69.6,75.4,82.9,61.9,69.6,75.4,82.9,"(CONTRACTS OF ZAR 500,000)",122741,CME ,122,F15,Combined
DJIA Consolidated - CHICAGO BOARD OF TRADE,210706,06/07/2021,12460+,CBT ,0,124,53100,13684,26021,607,16685,2634,372,10998,1864,1555,616,14647,0,44517,47699,8583,5401,174,-216,3004,21,380,487,5,242,-4158,183,0,411,0,614,-48,-441,222,100,25.8,49,1.1,31.4,5,0.7,20.7,3.5,2.9,1.2,27.6,0,83.8,89.8,16.2,10.2,109,12,16,.,27,9,6,27,10,10,.,7,0,77,51,33.3,45,47.2,64.5,32.1,44,45.4,63.4,($10 X DJIA INDEX),12460+,CBT ,124,F20,Combined
DOW JONES INDUSTRIAL AVG- x $5 - CHICAGO BOARD OF TRADE,210706,06/07/2021,124603,CBT ,0,124,106199,27368,52042,1213,33370,5267,744,21996,3727,3111,1232,29294,0,89034,95398,17165,10801,347,-432,6008,41,759,973,9,485,-8316,367,0,822,0,1228,-96,-881,443,100,25.8,49,1.1,31.4,5,0.7,20.7,3.5,2.9,1.2,27.6,0,83.8,89.8,16.2,10.2,109,12,16,.,27,9,6,27,10,10,.,7,0,77,51,33.3,45,47.2,64.5,32.1,44,45.4,63.4,($5 X DJIA INDEX),124603,CBT ,124,F20,Combined
DOW JONES U.S. REAL ESTATE IDX - CHICAGO BOARD OF TRADE,210706,06/07/2021,124606,CBT ,0,124,42492,1986,36450,400,33352,0,1300,2705,4080,0,0,0,0,39743,42230,2749,262,1621,450,954,400,105,0,481,322,-108,0,0,0,0,1758,1727,-137,-106,100,4.7,85.8,0.9,78.5,0,3.1,6.4,9.6,0,0,0,0,93.5,99.4,6.5,0.6,35,4,8,.,17,0,.,.,4,0,0,0,0,24,15,48.5,67.3,70.3,90.1,47.8,67.3,67.2,89.1,($100 X DJ US REAL ESTATE INDEX),124606,CBT ,124,F20,Combined
S&P 500 Consolidated - CHICAGO MERCANTILE EXCHANGE,210706,06/07/2021,13874+,CME ,0,138,644096,36559,149141,42691,271590,79094,55517,40074,78289,99661,24539,69471,2688,573319,576551,70778,67545,12099,2607,-302,-339,1863,1876,-1568,2670,3002,5813,1699,3794,-846,11899,11430,200,669,100,5.7,23.2,6.6,42.2,12.3,8.6,6.2,12.2,15.5,3.8,10.8,0.4,89,89.5,11,10.5,554,34,29,37,166,83,114,75,97,99,42,28,27,443,388,11.8,19.3,20.7,29.3,10,16.9,16.1,23.6,(S&P 500 INDEX X $250.00),13874+,CME ,138,F20,Combined
S&P 500 STOCK INDEX - CHICAGO MERCANTILE EXCHANGE,210706,06/07/2021,138741,CME ,0,138,27403,4553,0,174,0,0,0,5523,10344,7803,0,0,0,18053,18321,9350,9082,1337,-1468,0,49,0,0,0,1435,3781,-328,-100,0,0,-412,3502,1749,-2165,100,16.6,0,0.6,0,0,0,20.2,37.7,28.5,0,0,0,65.9,66.9,34.1,33.1,21,4,0,.,0,0,0,.,14,14,0,0,0,18,20,39.5,36,57,55.7,32.2,29.3,36.8,36.5,(S&P 500 INDEX X $250.00),138741,CME ,138,F20,Combined
E-MINI S&P CONSU STAPLES INDEX - CHICAGO MERCANTILE EXCHANGE,210706,06/07/2021,138748,CME ,0,138,23894,7667,17232,0,10469,4055,2158,1845,0,0,0,0,0,22139,23445,1755,449,-162,4850,-2295,0,-6591,0,2158,-543,0,0,0,0,0,-126,-137,-36,-25,100,32.1,72.1,0,43.8,17,9,7.7,0,0,0,0,0,92.7,98.1,7.3,1.9,20,4,7,0,4,.,.,.,0,0,0,0,0,11,10,69.4,75.1,87.8,96,60.3,75.1,78.8,88.2,($100 x S&P Select Sector Consumer Staples Index price),138748,CME ,138,F20,Combined
E-MINI S&P ENERGY INDEX - CHICAGO MERCANTILE EXCHANGE,210706,06/07/2021,138749,CME ,0,138,23112,4806,19778,0,13623,0,145,1442,1962,240,0,0,0,20256,22125,2856,987,55,143,288,0,131,0,145,-56,-129,-19,0,0,0,344,285,-289,-230,100,20.8,85.6,0,58.9,0,0.6,6.2,8.5,1,0,0,0,87.6,95.7,12.4,4.3,33,4,8,0,12,0,.,5,4,.,0,0,0,22,13,51.4,76,66.9,89,51.4,76,66.9,88.1,($100 x S&P Select Sector Energy Index price),138749,CME ,138,F20,Combined
E-MINI S&P 500 STOCK INDEX - CHICAGO MERCANTILE EXCHANGE,210706,06/07/2021,13874A,CME ,0,138,3083467,182797,768470,189822,1357949,395468,277586,225094,392068,406946,122694,347355,13439,2776327,2791153,307140,292314,53812,13034,-8849,5404,9314,9380,-7840,26744,16673,10136,8497,18469,-3731,61557,39641,-7745,14171,100,5.9,24.9,6.2,44,12.8,9,7.3,12.7,13.2,4,11.3,0.4,90,90.5,10,9.5,551,34,29,35,166,83,114,77,92,95,42,28,27,438,384,11.8,20,21,29.8,10.4,18.2,16.8,25.2,($50 X S&P 500 INDEX),13874A,CME ,138,F20,Combined
E-MINI S&P FINANCIAL INDEX - CHICAGO MERCANTILE EXCHANGE,210706,06/07/2021,13874C,CME ,0,138,41002,2667,39202,19,32688,337,157,1340,541,11,0,0,0,36882,40267,4120,735,-356,233,-470,6,-283,0,-68,-231,-8,0,0,0,0,-343,-540,-13,184,100,6.5,95.6,0,79.7,0.8,0.4,3.3,1.3,0,0,0,0,90,98.2,10,1.8,39,5,9,.,18,.,.,4,.,.,0,0,0,29,14,56.1,66.6,69.6,94.6,56.1,66.6,69.3,94.6,($250 x S&P Select Sector Financial Index price),13874C,CME ,138,F20,Combined
E-MINI RUSSELL 2000 INDEX - CHICAGO MERCANTILE EXCHANGE,210706,06/07/2021,239742,CME ,0,239,425806,90940,55018,5880,210724,154533,37356,37400,88936,8625,4432,52668,1015,396371,404031,29435,21775,-1179,2588,-7003,886,-4219,4167,-243,1297,-216,-259,-1902,1930,-476,-2330,-1216,1151,37,100,21.4,12.9,1.4,49.5,36.3,8.8,8.8,20.9,2,1,12.4,0.2,93.1,94.9,6.9,5.1,324,27,13,6,88,48,51,45,70,32,11,22,5,220,198,17.2,19.9,29,34.6,17.2,19.4,28.4,33.4,(RUSSEL 2000 INDEX X $50),239742,CME ,239,F20,Combined
EMINI RUSSELL 1000 VALUE INDEX - CHICAGO MERCANTILE EXCHANGE,210706,06/07/2021,239744,CME ,0,239,32637,5882,31065,0,23298,482,0,1524,649,5,0,0,0,30709,32201,1928,436,-585,226,-777,0,-244,0,0,-271,244,5,0,0,0,-284,-528,-301,-57,100,18,95.2,0,71.4,1.5,0,4.7,2,0,0,0,0,94.1,98.7,5.9,1.3,29,.,8,0,14,.,0,.,.,.,0,0,0,19,11,59.4,84.8,78.5,96.2,59.4,84.8,78.5,96.2,(RUSSELL 1000 VALUE INDEX x $50),239744,CME ,239,F20,Combined
NIKKEI STOCK AVERAGE - CHICAGO MERCANTILE EXCHANGE,210706,06/07/2021,240741,CME ,0,240,16762,863,3520,0,10380,206,26,698,4907,0,1118,2527,0,13085,11186,3677,5576,272,310,-28,0,-386,0,0,468,169,0,0,-211,0,392,-70,-120,342,100,5.1,21,0,61.9,1.2,0.2,4.2,29.3,0,6.7,15.1,0,78.1,66.7,21.9,33.3,25,.,.,0,11,.,.,.,.,0,.,.,0,18,10,49.6,50.3,64.8,66.7,49.6,50.3,64.8,66.6,(NIKKEI INDEX X $5.00),240741,CME ,240,F20,Combined
NIKKEI STOCK AVERAGE YEN DENOM - CHICAGO MERCANTILE EXCHANGE,210706,06/07/2021,240743,CME ,0,240,43850,8268,4560,490,8166,4762,522,18040,4433,93,2571,708,0,38150,15568,5700,28282,2942,1040,758,114,-301,653,133,2694,1914,85,304,-800,0,4069,2857,-1127,85,100,18.9,10.4,1.1,18.6,10.9,1.2,41.1,10.1,0.2,5.9,1.6,0,87,35.5,13,64.5,55,9,9,.,11,4,5,13,5,.,.,.,0,39,25,37.3,16.7,55.1,24.6,37.3,16.7,54.1,24,(NIKKEI INDEX X JPY 500),240743,CME ,240,F20,Combined
MSCI EAFE MINI INDEX - ICE FUTURES U.S.,210706,06/07/2021,244041,ICUS,1,244,424244,39680,264349,10215,274879,64568,64121,16992,9639,778,6704,3537,0,413369,417207,10875,7037,16857,3130,6140,1628,4786,-266,8162,-1431,1368,-12,188,-378,-49,16402,16593,455,264,100,9.4,62.3,2.4,64.8,15.2,15.1,4,2.3,0.2,1.6,0.8,0,97.4,98.3,2.6,1.7,187,11,13,6,79,40,43,22,13,4,5,4,0,141,99,28.7,43.5,41.1,62.4,23.5,42.9,34.6,59.2,(MSCI EAFE INDEX X $50),244041,ICUS,244,F20,Combined
MSCI EMERGING MKTS INDEX - ICE FUTURES U.S.,210706,06/07/2021,244042,ICUS,1,244,1043998,86421,488723,3873,669435,302591,111356,85038,55761,5701,42806,49888,8537,1013167,1026430,30831,17568,14087,5505,53409,-426,6156,2962,-8830,7371,-476,1755,4718,-1520,2,16251,46876,-2164,-32789,100,8.3,46.8,0.4,64.1,29,10.7,8.1,5.3,0.5,4.1,4.8,0.8,97,98.3,3,1.7,414,27,20,8,166,67,88,56,31,25,31,16,5,328,212,16,33,24.5,50.8,14,32.8,21.4,49.1,(MSCI Emerging Markets Index x $50),244042,ICUS,244,F20,Combined
E-MINI S&P 400 STOCK INDEX - CHICAGO MERCANTILE EXCHANGE,210706,06/07/2021,33874A,CME ,0,138,43372,4557,13790,145,25324,21555,2090,2087,1910,3,0,0,0,34206,39493,9166,3879,931,635,1247,-4,235,806,-163,-423,-102,0,0,0,0,280,1784,651,-853,100,10.5,31.8,0.3,58.4,49.7,4.8,4.8,4.4,0,0,0,0,78.9,91.1,21.1,8.9,67,5,8,.,27,17,9,6,4,.,0,0,0,43,35,26.1,46.4,40.3,63.1,25.8,46.4,39.8,62.8,(S&P 400 INDEX X $100),33874A,CME ,138,F20,Combined
S&P 500 ANNUAL DIVIDEND INDEX - CHICAGO MERCANTILE EXCHANGE,210706,06/07/2021,43874A,CME ,0,438,220735,29292,169527,32965,17369,7097,3091,129064,416,7382,1057,177,0,220220,220655,515,80,1328,-1975,-805,2700,1425,0,310,-432,10,-884,0,0,0,1144,1331,184,-3,100,13.3,76.8,14.9,7.9,3.2,1.4,58.5,0.2,3.3,0.5,0.1,0,99.8,100,0.2,0,85,9,20,17,13,.,.,29,.,6,7,.,0,70,41,40.5,61.2,62.1,84.4,36.5,58.7,53.7,74.3,(S&P 500 ANNUAL DIVIDEND INDEX X $250),43874A,CME ,438,F20,Combined
NASDAQ-100 Consolidated - CHICAGO MERCANTILE EXCHANGE,210706,06/07/2021,20974+,CME ,0,209,52389,12895,7490,772,12259,8919,1330,9926,13612,5833,1805,3058,425,45246,41438,7143,10951,765,1675,332,-149,929,-218,60,-1370,35,-182,-30,270,59,993,207,-228,559,100,24.6,14.3,1.5,23.4,17,2.5,18.9,26,11.1,3.4,5.8,0.8,86.4,79.1,13.6,20.9,312,28,19,12,63,45,38,42,65,37,22,27,21,207,213,18.1,20,28.4,29.4,17.6,18,26.2,25,(NASDAQ 100 INDEX X $100),20974+,CME ,209,F25,Combined
NASDAQ-100 STOCK INDEX (MINI) - CHICAGO MERCANTILE EXCHANGE,210706,06/07/2021,209742,CME ,0,209,261946,64477,37448,3860,61297,44594,6649,49628,68058,29167,9027,15291,2124,226230,207192,35716,54754,3826,8375,1658,-743,4645,-1092,301,-6850,176,-912,-149,1349,297,4964,1033,-1138,2793,100,24.6,14.3,1.5,23.4,17,2.5,18.9,26,11.1,3.4,5.8,0.8,86.4,79.1,13.6,20.9,312,28,19,12,63,45,38,42,65,37,22,27,21,207,213,18.1,20,28.4,29.4,17.6,18,26.2,25,(NASDAQ 100 STOCK INDEX X $20),209742,CME ,209,F25,Combined
MICRO E-MINI NASDAQ-100 INDEX - CHICAGO MERCANTILE EXCHANGE,210706,06/07/2021,209747,CME ,0,209,48969,301,1903,0,328,0,0,16683,2238,1472,3070,3616,300,22153,9529,26816,39440,4663,-240,1903,0,-225,0,0,3472,839,450,100,515,-10,3547,3697,1116,966,100,0.6,3.9,0,0.7,0,0,34.1,4.6,3,6.3,7.4,0.6,45.2,19.5,54.8,80.5,23,.,.,0,.,0,0,9,4,6,.,.,.,16,14,34.1,12.8,40.9,16.8,33.8,12.1,38.8,15.4,(NASDAQ 100 STOCK INDEX x $2),209747,CME ,209,F25,Combined
U.S. TREASURY BONDS - CHICAGO BOARD OF TRADE,210706,06/07/2021,20601,CBT ,0,20,1326060,8396,95946,32797,546845,311417,263321,64441,259231,111248,102103,42946,7699,1136850,1124605,189210,201455,23060,1622,-15013,6221,-12559,5628,5800,-749,14048,9920,-57,-5866,204,10402,20941,12658,2119,100,0.6,7.2,2.5,41.2,23.5,19.9,4.9,19.5,8.4,7.7,3.2,0.6,85.7,84.8,14.3,15.2,202,8,17,18,59,39,59,15,43,38,12,9,6,156,167,24.1,21.6,33.9,33,16.6,17.2,24.6,24.7,"(CONTRACTS OF $100,000 FACE VALUE)",20601,CBT ,20,F30,Combined
ULTRA U.S. TREASURY BONDS - CHICAGO BOARD OF TRADE,210706,06/07/2021,20604,CBT ,0,20,1193028,31941,91932,676,657506,295004,199500,76634,422740,12524,70779,24343,0,1049560,1046719,143468,146309,838,340,-2241,676,14308,7265,-13698,-3843,7361,-320,1327,-43,0,-1211,-1000,2049,1838,100,2.7,7.7,0.1,55.1,24.7,16.7,6.4,35.4,1,5.9,2,0,88,87.7,12,12.3,159,.,13,.,71,29,58,6,25,9,5,7,0,108,120,19.6,31.7,33.2,45.1,15.9,29.6,28.8,40,"(CONTRACTS OF $100,000 FACE VALUE)",20604,CBT ,20,F30,Combined
2-YEAR U.S. TREASURY NOTES - CHICAGO BOARD OF TRADE,210706,06/07/2021,42601,CBT ,0,42,2082754,69423,162791,24358,857817,545253,319605,473311,706002,72295,123955,108146,982,1941745,1939431,141009,143323,30677,-10915,28220,-1040,23484,21908,12119,30458,8160,-26068,1038,-21379,-258,28816,21662,1861,9015,100,3.3,7.8,1.2,41.2,26.2,15.3,22.7,33.9,3.5,6,5.2,0,93.2,93.1,6.8,6.9,311,13,35,9,87,50,75,44,49,27,19,14,.,207,216,19.6,27.9,28.1,38.5,17.1,23,24.6,32.7,"(CONTRACTS OF $200,000 FACE VALUE)",42601,CBT ,42,F30,Combined
10-YEAR U.S. TREASURY NOTES - CHICAGO BOARD OF TRADE,210706,06/07/2021,43602,CBT ,0,43,4960375,198381,253907,148620,1525830,1493115,860191,1132724,597294,498054,142298,391632,97115,4603213,4339927,357162,620448,14929,33275,-1412,11617,-60922,-60691,37815,33,-65039,18542,-43864,43198,271,-3232,-15700,18161,30629,100,4,5.1,3,30.8,30.1,17.3,22.8,12,10,2.9,7.9,2,92.8,87.5,7.2,12.5,449,21,38,41,76,112,114,61,89,91,24,28,12,337,370,18.1,18.7,27.4,25.5,11.5,12.6,19.4,18.6,"(CONTRACTS OF $100,000 FACE VALUE)",43602,CBT ,43,F30,Combined
ULTRA 10-YEAR U.S. T-NOTES - CHICAGO BOARD OF TRADE,210706,06/07/2021,43607,CBT ,0,43,1540355,115593,25821,8018,474560,641943,174392,564127,322936,8418,77316,94981,793,1423217,1277302,117138,263053,-1864,-2161,4915,1861,-3405,-19055,-1456,-16819,23774,1505,13948,-5030,1,-6526,6515,4662,-8379,100,7.5,1.7,0.5,30.8,41.7,11.3,36.6,21,0.5,5,6.2,0.1,92.4,82.9,7.6,17.1,164,8,8,4,22,66,51,26,16,12,6,12,.,114,119,26.1,23.4,38.4,33,25.9,21.4,37.7,29.6,"(CONTRACTS OF $100,000 FACE VALUE)",43607,CBT ,43,F30,Combined
5-YEAR U.S. TREASURY NOTES - CHICAGO BOARD OF TRADE,210706,06/07/2021,44601,CBT ,0,44,3773279,56690,202968,58172,1822310,1129882,655062,351588,779328,272286,247959,217055,20408,3484475,3335162,288804,438117,-45482,-18896,25872,14023,-53244,4817,10106,-2466,-78574,-3183,10002,-8461,-2302,-45959,-37701,477,-7781,100,1.5,5.4,1.5,48.3,29.9,17.4,9.3,20.7,7.2,6.6,5.8,0.5,92.3,88.4,7.7,11.6,343,13,33,24,83,66,85,38,71,53,11,28,7,238,274,32.3,19.5,43.1,29.8,25.3,18.4,33.8,27,"(CONTRACTS OF $100,000 FACE VALUE)",44601,CBT ,44,F30,Combined
30-DAY FEDERAL FUNDS - CHICAGO BOARD OF TRADE,210706,06/07/2021,45601,CBT ,0,45,1019905,267592,139428,357770,27801,6318,3166,87351,227090,245838,0,4918,0,989518,984528,30387,35377,-60953,-28776,-50446,4098,7467,-383,-1349,-32701,-2246,-13594,-600,-2447,0,-65455,-66367,4502,5414,100,26.2,13.7,35.1,2.7,0.6,0.3,8.6,22.3,24.1,0,0.5,0,97,96.5,3,3.5,98,21,30,44,.,.,4,19,16,30,0,.,0,81,95,30.2,31.7,47.8,48.2,18,23.3,25.7,28.7,"(CONTRACTS OF $5,000,000)",45601,CBT ,45,F33,Combined
3-MONTH EURODOLLARS - CHICAGO MERCANTILE EXCHANGE,210706,06/07/2021,132741,CME ,0,132,22631580,3095914,1523821,3390476,512332,1528648,1566976,1435418,1536994,11701483,28168,265838,243140,21973907,21757376,657673,874204,-259082,191027,-11320,-92299,76209,23681,-68430,-189146,162847,-189478,720,-33680,-10508,-281904,-219185,22822,-39897,100,13.7,6.7,15,2.3,6.8,6.9,6.3,6.8,51.7,0.1,1.2,1.1,97.1,96.1,2.9,3.9,298,36,40,73,22,20,33,53,78,115,6,35,25,265,279,21.4,21.4,34.3,32.7,9.3,7.3,12.9,10.3,"(CONTRACTS OF $1,000,000)",132741,CME ,132,F33,Combined
3-MONTH SOFR - CHICAGO MERCANTILE EXCHANGE,210706,06/07/2021,134741,CME ,0,134,633008,119880,137743,185371,15705,7673,6649,131785,111403,154406,397,10878,9305,623498,623428,9510,9580,19571,528,-2082,5862,-1848,5339,-2043,-255,-9192,3859,-8,4349,4030,10125,10122,9446,9449,100,18.9,21.8,29.3,2.5,1.2,1.1,20.8,17.6,24.4,0.1,1.7,1.5,98.5,98.5,1.5,1.5,110,17,25,26,4,4,.,13,31,36,5,6,6,88,92,28.7,27.6,46.1,46.1,21.2,15.5,30.9,23.4,"($2,500 x Contract IMM Index)",134741,CME ,134,F33,Combined
1-MONTH SOFR - CHICAGO MERCANTILE EXCHANGE,210706,06/07/2021,134742,CME ,0,134,179591,22842,73754,19121,6713,5045,692,81437,36721,41259,5123,635,997,178184,178224,1407,1367,-40863,-5817,-9283,-17226,1957,-1490,-1316,-7503,-1661,-11110,-1048,124,-179,-42242,-42141,1379,1278,100,12.7,41.1,10.6,3.7,2.8,0.4,45.3,20.4,23,2.9,0.4,0.6,99.2,99.2,0.8,0.8,84,14,17,13,.,.,.,17,24,25,.,.,.,55,69,42.3,35.5,58.5,53.6,37.4,31.7,48.8,45.2,"($4,167 x Contract IMM Index)",134742,CME ,134,F33,Combined
10 YEAR DELIVERABLE IR - CHICAGO BOARD OF TRADE,210706,06/07/2021,246605,CBT ,0,246,105616,1050,35316,0,1639,2450,0,1552,33921,33257,68069,591,0,105567,105535,49,81,8599,0,6073,0,170,0,0,-166,-3169,5604,2981,91,0,8589,8599,10,0,100,1,33.4,0,1.6,2.3,0,1.5,32.1,31.5,64.4,0.6,0,100,99.9,0,0.1,28,.,7,0,.,4,0,.,7,.,4,.,0,10,20,91.7,91.8,99.9,96.9,64.4,60.3,68.5,65.4,"(NOTIONAL VALUE OF $100,000)",246605,CBT ,246,F33,Combined
BITCOIN - CHICAGO MERCANTILE EXCHANGE,210706,06/07/2021,133741,CME ,0,133,7138,280,117,82,517,497,0,2445,4670,538,1384,184,221,5467,6309,1671,829,134,32,-3,33,-37,-116,0,101,289,31,-5,-55,-17,138,162,-4,-28,100,3.9,1.6,1.1,7.2,7,0,34.3,65.4,7.5,19.4,2.6,3.1,76.6,88.4,23.4,11.6,70,.,.,.,4,4,0,19,25,14,11,.,.,44,43,26.9,41,41.3,54.1,25.9,41,40.3,53.1,(5 Bitcoins),133741,CME ,133,F85,Combined
MICRO BITCOIN - CHICAGO MERCANTILE EXCHANGE,210706,06/07/2021,133742,CME ,0,133,16228,130,543,0,0,0,0,8448,13747,491,2483,380,155,11707,15316,4521,912,747,130,419,0,0,0,0,353,773,-186,355,-272,20,672,754,75,-7,100,0.8,3.3,0,0,0,0,52.1,84.7,3,15.3,2.3,1,72.1,94.4,27.9,5.6,83,.,.,0,0,0,0,10,8,.,56,7,.,69,19,49.9,85.9,55,90.5,48.2,85.2,52.8,88.4,(Bitcoin X $0.10),133742,CME ,133,F85,Combined
ETHER CASH SETTLED - CHICAGO MERCANTILE EXCHANGE,210706,06/07/2021,146021,CME ,0,146,3428,70,130,0,0,120,0,1142,2625,42,977,73,44,2275,3034,1153,394,695,11,42,-43,0,39,0,6,538,14,644,11,17,649,618,46,77,100,2,3.8,0,0,3.5,0,33.3,76.6,1.2,28.5,2.1,1.3,66.4,88.5,33.6,11.5,45,.,.,0,0,.,0,13,16,.,7,.,.,24,25,35.9,47.5,47.3,62.9,35.9,47.5,47.3,62.9,(50 Index Points),146021,CME ,146,F85,Combined
U.S. DOLLAR INDEX - ICE FUTURES U.S.,210706,06/07/2021,98662,ICUS,1,98,37241,1161,12191,1,11652,3799,906,10158,16073,603,5160,1522,32,29672,35127,7569,2114,2285,-150,8637,0,-205,-801,-133,1733,-5667,-173,861,569,17,1950,2448,335,-163,100,3.1,32.7,0,31.3,10.2,2.4,27.3,43.2,1.6,13.9,4.1,0.1,79.7,94.3,20.3,5.7,110,.,.,.,9,7,.,22,23,6,31,12,.,72,49,40.1,50.9,53.9,68.9,37.8,50.9,50.6,68.7,(U.S. DOLLAR INDEX X $1000),98662,ICUS,98,F90,Combined
VIX FUTURES - CBOE FUTURES EXCHANGE,210706,06/07/2021,1.17E+04,E   ,0,117,341157,57409,19115,11162,111073,86583,35864,38847,100735,53601,5893,2176,4429,318278,313665,22879,27492,13222,4204,537,100,2322,4122,2349,2775,3699,1579,-1410,-264,-775,11144,11347,2078,1875,100,16.8,5.6,3.3,32.6,25.4,10.5,11.4,29.5,15.7,1.7,0.6,1.3,93.3,91.9,6.7,8.1,180,14,11,19,15,34,24,37,49,49,6,6,10,129,153,45,22.8,54.9,34.7,40.6,17.1,47.2,25.9,($1000 X INDEX),1.17E+04,E   ,117,F90,Combined
BLOOMBERG COMMODITY INDEX - CHICAGO BOARD OF TRADE,210706,06/07/2021,221602,CBT ,0,221,40601,3355,7875,115,27800,2326,0,1212,30171,0,7662,0,0,40144,40487,457,114,-8933,-890,-8,-3,-11940,75,0,693,-8973,0,3149,-27,0,-8991,-8936,58,3,100,8.3,19.4,0.3,68.5,5.7,0,3,74.3,0,18.9,0,0,98.9,99.7,1.1,0.3,51,.,4,.,13,4,0,5,5,0,17,0,0,39,13,58.4,87.4,80.6,97.1,58.4,87.4,80.6,96.8,($100 X INDEX),221602,CBT ,221,F90,Combined
,,,,,,,,,,,,,,,,,,,,,,,,,,,,,,,,,,,,,,,,,,,,,,,,,,,,,,,,,,,,,,,,,,,,,,,,,,,,,,,,,,,,,,
,,,,,,,,,,,,,,,,,,,,,,,,,,,,,,,,,,,,,,,,,,,,,,,,,,,,,,,,,,,,,,,,,,,,,,,,,,,,,,,,,,,,,,
,,,,,,,,,,,,,,,,,,,,,,,,,,,,,,,,,,,,,,,,,,,,,,,,,,,,,,,,,,,,,,,,,,,,,,,,,,,,,,,,,,,,,,
,,,,,,,,,,,,,,,,,,,,,,,,,,,,,,,,,,,,,,,,,,,,,,,,,,,,,,,,,,,,,,,,,,,,,,,,,,,,,,,,,,,,,,
,,,,,,,,,,,,,,,,,,,,,,,,,,,,,,,,,,,,,,,,,,,,,,,,,,,,,,,,,,,,,,,,,,,,,,,,,,,,,,,,,,,,,,
,,,,,,,,,,,,,,,,,,,,,,,,,,,,,,,,,,,,,,,,,,,,,,,,,,,,,,,,,,,,,,,,,,,,,,,,,,,,,,,,,,,,,,
,,,,,,,,,,,,,,,,,,,,,,,,,,,,,,,,,,,,,,,,,,,,,,,,,,,,,,,,,,,,,,,,,,,,,,,,,,,,,,,,,,,,,,
,,,,,,,,,,,,,,,,,,,,,,,,,,,,,,,,,,,,,,,,,,,,,,,,,,,,,,,,,,,,,,,,,,,,,,,,,,,,,,,,,,,,,,
,,,,,,,,,,,,,,,,,,,,,,,,,,,,,,,,,,,,,,,,,,,,,,,,,,,,,,,,,,,,,,,,,,,,,,,,,,,,,,,,,,,,,,
,,,,,,,,,,,,,,,,,,,,,,,,,,,,,,,,,,,,,,,,,,,,,,,,,,,,,,,,,,,,,,,,,,,,,,,,,,,,,,,,,,,,,,
,,,,,,,,,,,,,,,,,,,,,,,,,,,,,,,,,,,,,,,,,,,,,,,,,,,,,,,,,,,,,,,,,,,,,,,,,,,,,,,,,,,,,,
,,,,,,,,,,,,,,,,,,,,,,,,,,,,,,,,,,,,,,,,,,,,,,,,,,,,,,,,,,,,,,,,,,,,,,,,,,,,,,,,,,,,,,
,,,,,,,,,,,,,,,,,,,,,,,,,,,,,,,,,,,,,,,,,,,,,,,,,,,,,,,,,,,,,,,,,,,,,,,,,,,,,,,,,,,,,,
,,,,,,,,,,,,,,,,,,,,,,,,,,,,,,,,,,,,,,,,,,,,,,,,,,,,,,,,,,,,,,,,,,,,,,,,,,,,,,,,,,,,,,
,,,,,,,,,,,,,,,,,,,,,,,,,,,,,,,,,,,,,,,,,,,,,,,,,,,,,,,,,,,,,,,,,,,,,,,,,,,,,,,,,,,,,,
,,,,,,,,,,,,,,,,,,,,,,,,,,,,,,,,,,,,,,,,,,,,,,,,,,,,,,,,,,,,,,,,,,,,,,,,,,,,,,,,,,,,,,
,,,,,,,,,,,,,,,,,,,,,,,,,,,,,,,,,,,,,,,,,,,,,,,,,,,,,,,,,,,,,,,,,,,,,,,,,,,,,,,,,,,,,,
,,,,,,,,,,,,,,,,,,,,,,,,,,,,,,,,,,,,,,,,,,,,,,,,,,,,,,,,,,,,,,,,,,,,,,,,,,,,,,,,,,,,,,
,,,,,,,,,,,,,,,,,,,,,,,,,,,,,,,,,,,,,,,,,,,,,,,,,,,,,,,,,,,,,,,,,,,,,,,,,,,,,,,,,,,,,,
,,,,,,,,,,,,,,,,,,,,,,,,,,,,,,,,,,,,,,,,,,,,,,,,,,,,,,,,,,,,,,,,,,,,,,,,,,,,,,,,,,,,,,
,,,,,,,,,,,,,,,,,,,,,,,,,,,,,,,,,,,,,,,,,,,,,,,,,,,,,,,,,,,,,,,,,,,,,,,,,,,,,,,,,,,,,,
,,,,,,,,,,,,,,,,,,,,,,,,,,,,,,,,,,,,,,,,,,,,,,,,,,,,,,,,,,,,,,,,,,,,,,,,,,,,,,,,,,,,,,
,,,,,,,,,,,,,,,,,,,,,,,,,,,,,,,,,,,,,,,,,,,,,,,,,,,,,,,,,,,,,,,,,,,,,,,,,,,,,,,,,,,,,,
,,,,,,,,,,,,,,,,,,,,,,,,,,,,,,,,,,,,,,,,,,,,,,,,,,,,,,,,,,,,,,,,,,,,,,,,,,,,,,,,,,,,,,
,,,,,,,,,,,,,,,,,,,,,,,,,,,,,,,,,,,,,,,,,,,,,,,,,,,,,,,,,,,,,,,,,,,,,,,,,,,,,,,,,,,,,,
,,,,,,,,,,,,,,,,,,,,,,,,,,,,,,,,,,,,,,,,,,,,,,,,,,,,,,,,,,,,,,,,,,,,,,,,,,,,,,,,,,,,,,
,,,,,,,,,,,,,,,,,,,,,,,,,,,,,,,,,,,,,,,,,,,,,,,,,,,,,,,,,,,,,,,,,,,,,,,,,,,,,,,,,,,,,,
,,,,,,,,,,,,,,,,,,,,,,,,,,,,,,,,,,,,,,,,,,,,,,,,,,,,,,,,,,,,,,,,,,,,,,,,,,,,,,,,,,,,,,
,,,,,,,,,,,,,,,,,,,,,,,,,,,,,,,,,,,,,,,,,,,,,,,,,,,,,,,,,,,,,,,,,,,,,,,,,,,,,,,,,,,,,,
,,,,,,,,,,,,,,,,,,,,,,,,,,,,,,,,,,,,,,,,,,,,,,,,,,,,,,,,,,,,,,,,,,,,,,,,,,,,,,,,,,,,,,
,,,,,,,,,,,,,,,,,,,,,,,,,,,,,,,,,,,,,,,,,,,,,,,,,,,,,,,,,,,,,,,,,,,,,,,,,,,,,,,,,,,,,,
,,,,,,,,,,,,,,,,,,,,,,,,,,,,,,,,,,,,,,,,,,,,,,,,,,,,,,,,,,,,,,,,,,,,,,,,,,,,,,,,,,,,,,
,,,,,,,,,,,,,,,,,,,,,,,,,,,,,,,,,,,,,,,,,,,,,,,,,,,,,,,,,,,,,,,,,,,,,,,,,,,,,,,,,,,,,,
,,,,,,,,,,,,,,,,,,,,,,,,,,,,,,,,,,,,,,,,,,,,,,,,,,,,,,,,,,,,,,,,,,,,,,,,,,,,,,,,,,,,,,
,,,,,,,,,,,,,,,,,,,,,,,,,,,,,,,,,,,,,,,,,,,,,,,,,,,,,,,,,,,,,,,,,,,,,,,,,,,,,,,,,,,,,,
,,,,,,,,,,,,,,,,,,,,,,,,,,,,,,,,,,,,,,,,,,,,,,,,,,,,,,,,,,,,,,,,,,,,,,,,,,,,,,,,,,,,,,
,,,,,,,,,,,,,,,,,,,,,,,,,,,,,,,,,,,,,,,,,,,,,,,,,,,,,,,,,,,,,,,,,,,,,,,,,,,,,,,,,,,,,,
,,,,,,,,,,,,,,,,,,,,,,,,,,,,,,,,,,,,,,,,,,,,,,,,,,,,,,,,,,,,,,,,,,,,,,,,,,,,,,,,,,,,,,
,,,,,,,,,,,,,,,,,,,,,,,,,,,,,,,,,,,,,,,,,,,,,,,,,,,,,,,,,,,,,,,,,,,,,,,,,,,,,,,,,,,,,,
,,,,,,,,,,,,,,,,,,,,,,,,,,,,,,,,,,,,,,,,,,,,,,,,,,,,,,,,,,,,,,,,,,,,,,,,,,,,,,,,,,,,,,
,,,,,,,,,,,,,,,,,,,,,,,,,,,,,,,,,,,,,,,,,,,,,,,,,,,,,,,,,,,,,,,,,,,,,,,,,,,,,,,,,,,,,,
,,,,,,,,,,,,,,,,,,,,,,,,,,,,,,,,,,,,,,,,,,,,,,,,,,,,,,,,,,,,,,,,,,,,,,,,,,,,,,,,,,,,,,
,,,,,,,,,,,,,,,,,,,,,,,,,,,,,,,,,,,,,,,,,,,,,,,,,,,,,,,,,,,,,,,,,,,,,,,,,,,,,,,,,,,,,,
,,,,,,,,,,,,,,,,,,,,,,,,,,,,,,,,,,,,,,,,,,,,,,,,,,,,,,,,,,,,,,,,,,,,,,,,,,,,,,,,,,,,,,
,,,,,,,,,,,,,,,,,,,,,,,,,,,,,,,,,,,,,,,,,,,,,,,,,,,,,,,,,,,,,,,,,,,,,,,,,,,,,,,,,,,,,,
,,,,,,,,,,,,,,,,,,,,,,,,,,,,,,,,,,,,,,,,,,,,,,,,,,,,,,,,,,,,,,,,,,,,,,,,,,,,,,,,,,,,,,
,,,,,,,,,,,,,,,,,,,,,,,,,,,,,,,,,,,,,,,,,,,,,,,,,,,,,,,,,,,,,,,,,,,,,,,,,,,,,,,,,,,,,,
,,,,,,,,,,,,,,,,,,,,,,,,,,,,,,,,,,,,,,,,,,,,,,,,,,,,,,,,,,,,,,,,,,,,,,,,,,,,,,,,,,,,,,
,,,,,,,,,,,,,,,,,,,,,,,,,,,,,,,,,,,,,,,,,,,,,,,,,,,,,,,,,,,,,,,,,,,,,,,,,,,,,,,,,,,,,,